period_end,fy,fp,form,filed,revenue,gross_profit,operating_income,net_income,eps_basic,eps_diluted,shares_diluted,rnd_expense,sga_expense,dep_amort,ocf,capex,cash_and_equiv,short_term_investments,long_term_debt,short_term_debt,total_assets,total_equity
2017-03-31,2017,Q1,10-Q,2018-05-04,1357000000,,155000000,78000000,0.18,0.18,427800350,,135000000,170000000,141000000,31000000,916000000,,,,14715000000,6680000000
2017-06-30,2017,Q2,10-Q,2018-08-06,1296000000,,53000000,-26000000,-0.06,-0.06,427587401,,147000000,172000000,192000000,32000000,986000000,,,,14784000000,6658000000
2017-09-30,2017,Q3,10-Q,2018-11-02,1833000000,,452000000,273000000,0.64,0.64,428312438,,147000000,178000000,512000000,23000000,1054000000,,,,15000000000,6935000000
2017-12-31,2017,Q4,10-K,2019-02-28,943000000,,-460000000,-579000000,-1.35,-1.35,427761460,,166000000,180000000,541000000,28000000,1487000000,,,0,14600000000,6342000000
2018-03-31,2018,Q1,10-Q,2018-05-04,1212000000,,-394000000,-306000000,-0.71,-0.71,428450384,,162000000,153000000,-22000000,39000000,1379000000,,,,14776000000,4000000
2018-06-30,2018,Q2,10-Q,2018-08-06,2677000000,,231000000,108000000,0.21,0.2,533786824,,352000000,389000000,-7000000,114000000,757000000,,,,26470000000,8413000000
2018-09-30,2018,Q3,10-Q,2018-11-02,3641000000,,650000000,330000000,0.62,0.61,540972802,,194000000,426000000,892000000,56000000,811000000,,,350000000,25888000000,8399000000
2018-12-31,2018,Q4,10-K,2019-02-28,2266000000,,4000000,-186000000,-0.35,-0.35,504954371,,215000000,427000000,608000000,169000000,636000000,,,339000000,26024000000,7863000000
2019-03-31,2019,Q1,10-Q,2019-05-03,2550000000,,490000000,225000000,0.45,0.44,509139988,,182000000,405000000,388000000,118000000,546000000,,,350000000,25568000000,7804000000
2019-06-30,2019,Q2,10-Q,2019-08-02,2229000000,,729000000,356000000,0.71,0.7,507500383,,210000000,384000000,494000000,129000000,964000000,,,430000000,26520000000,7904000000
2019-09-30,2019,Q3,10-Q,2019-11-05,4026000000,,440000000,113000000,0.23,0.23,493670295,,246000000,424000000,941000000,101000000,707000000,,,600000000,26443000000,7792000000
2019-12-31,2019,Q4,10-K,2020-02-28,2740000000,,334000000,234000000,0.49,0.49,499935490,,267000000,427000000,913000000,172000000,300000000,,,350000000,26616000000,7959000000
2020-03-31,2020,Q1,10-Q,2020-05-05,2466000000,,391000000,56000000,0.11,0.11,490638626,,252000000,419000000,552000000,261000000,717000000,,,700000000,26669000000,7936000000
2020-06-30,2020,Q2,10-Q,2020-08-05,2460000000,,377000000,166000000,0.34,0.34,490468735,,236000000,455000000,757000000,327000000,382000000,,,550000000,26307000000,8056000000
2020-09-30,2020,Q3,10-Q,2020-11-04,3238000000,,676000000,443000000,0.91,0.9,491025940,,268000000,410000000,1041000000,250000000,500000000,,,0,25499000000,8444000000
2020-12-31,2020,Q4,10-K,2021-02-26,2683000000,,76000000,-29000000,-0.06,-0.05,491090468,,280000000,453000000,987000000,421000000,406000000,,,0,25208000000,8371000000
2021-03-31,2021,Q1,10-Q,2021-05-04,8203000000,,-2583000000,-2043000000,-4.21,-4.21,484699267,,251000000,423000000,-1653000000,192000000,561000000,,,1300000000,25886000000,6100000000
2021-06-30,2021,Q2,10-Q,2021-08-05,2660000000,,62000000,36000000,0.07,0.07,487366226,,252000000,464000000,596000000,354000000,444000000,,,,27015000000,6076000000
2021-09-30,2021,Q3,10-Q,2021-11-05,3702000000,,119000000,7000000,0.01,0.01,484494546,,269000000,468000000,564000000,244000000,351000000,,,,29932000000,6036000000
2021-12-31,2021,Q4,10-K,2022-02-25,3136000000,,886000000,726000000,1.45,1.45,482214544,,269000000,398000000,287000000,243000000,1325000000,,,0,29683000000,8291000000
2022-03-31,2022,Q1,10-Q,2022-05-06,3461000000,,-288000000,-285000000,-0.72,-0.72,451603354,,288000000,430000000,591000000,373000000,1022000000,,,,32833000000,7300000000
2022-06-30,2022,Q2,10-Q,2022-08-05,3326000000,,-1683000000,-1365000000,-3.27,-3.27,429193031,,280000000,394000000,-1314000000,240000000,1871000000,,,1300000000,37468000000,5392000000
2022-09-30,2022,Q3,10-Q,2022-11-04,4838000000,,894000000,668000000,1.53,1.51,417482511,,323000000,390000000,815000000,296000000,535000000,,,0,35175000000,5582000000
2022-12-31,2022,Q4,10-K,2023-03-01,4006000000,,-98000000,-246000000,-0.73,-0.73,422447074,,295000000,382000000,393000000,392000000,455000000,,,650000000,32787000000,4902000000
2023-03-31,2023,Q1,10-Q,2023-05-09,3107000000,,1131000000,699000000,1.72,1.71,387553379,,288000000,366000000,1435000000,484000000,518000000,,,0,31117000000,5201000000
2023-06-30,2023,Q2,10-Q,2023-08-09,3027000000,,591000000,476000000,1.18,1.17,376794258,,309000000,369000000,1577000000,442000000,643000000,,,0,30472000000,5359000000
2023-09-30,2023,Q3,10-Q,2023-11-07,4789000000,,834000000,502000000,1.27,1.25,372149099,,357000000,375000000,1560000000,336000000,3170000000,,,0,31945000000,5506000000
2023-12-31,2023,Q4,10-K,2024-02-29,2880000000,,102000000,-184000000,-0.55,-0.55,375193110,,355000000,393000000,881000000,414000000,3485000000,,14402000000,0,32966000000,5307000000
2024-03-31,2024,Q1,10-Q,2024-05-10,3159000000,,86000000,-35000000,-0.24,-0.24,348966197,,351000000,403000000,312000000,465000000,1070000000,,,500000000,38178000000,5656000000
2024-06-30,2024,Q2,10-Q,2024-08-09,3599000000,,808000000,365000000,0.92,0.9,354327393,,375000000,437000000,1196000000,498000000,1624000000,,15886000000,0,39125000000,5593000000
2024-09-30,2024,Q3,10-Q,2024-11-08,4341000000,,2588000000,1888000000,5.36,5.25,350203692,,411000000,466000000,1702000000,685000000,905000000,,14730000000,,37878000000,5441000000
2024-12-31,2024,Q4,10-K,2025-02-28,3662000000,,599000000,441000000,1.17,1.14,352567060,,464000000,537000000,1353000000,430000000,1188000000,,16298000000,1335000000,37770000000,5570000000
2025-03-31,2025,Q1,10-Q,2025-05-08,4250000000,,-120000000,-268000000,-0.93,-0.93,339799989,,391000000,522000000,599000000,768000000,561000000,,16305000000,1355000000,38228000000,4825000000
2025-06-30,2025,Q2,10-Q,2025-08-08,3753000000,,515000000,327000000,0.82,0.81,345505188,,419000000,541000000,572000000,690000000,458000000,,15770000000,861000000,38146000000,4823000000
2025-09-30,2025,Q3,10-Q,2025-11-07,4778000000,,1037000000,652000000,1.78,1.75,345035160,,444000000,460000000,1467000000,458000000,602000000,,15988000000,,38020000000,5210000000
2025-12-31,2025,Q4,10-K,2026-02-27,4805000000,,474000000,233000000,0.55,0.54,345656067,,460000000,463000000,1432000000,836000000,785000000,,17043000000,1800000000,41550000000,5097000000
