date,open,high,low,close,volume,div,split
2021-06-11,25.20,25.27,25.17,25.27,8500,,
2021-06-14,25.64,25.64,25.22,25.63,36200,,
2021-06-15,25.64,25.74,25.37,25.44,31800,,
2021-06-16,25.56,25.56,25.05,25.24,34900,,
2021-06-17,25.24,25.64,25.15,25.48,70800,,
2021-06-18,25.29,25.29,24.75,24.85,83700,,
2021-06-21,24.93,25.04,24.70,25.03,67100,,
2021-06-22,25.15,25.18,24.89,25.10,39500,,
2021-06-23,25.15,25.34,25.15,25.19,38400,,
2021-06-24,25.48,25.70,25.48,25.67,63100,,
2021-06-25,25.76,25.79,25.53,25.53,65800,,
2021-06-28,25.79,26.27,25.76,26.22,80400,,
2021-06-29,26.23,26.41,26.07,26.37,49500,,
2021-06-30,26.43,26.43,26.23,26.42,43000,,
2021-07-01,26.41,26.41,25.95,26.00,64000,,
2021-07-02,26.26,26.26,25.95,26.13,37100,,
2021-07-06,26.30,26.33,25.79,26.11,51100,,
2021-07-07,26.21,26.21,25.63,25.74,52700,,
2021-07-08,25.30,25.53,25.09,25.40,53400,,
2021-07-09,25.76,25.88,25.33,25.84,28600,,
2021-07-12,26.00,26.14,25.88,26.12,38900,,
2021-07-13,26.12,26.16,25.95,25.98,42700,,
2021-07-14,26.28,26.46,25.88,25.88,54200,,
2021-07-15,25.91,25.91,25.22,25.41,70200,,
2021-07-16,25.45,25.59,24.80,24.84,50100,,
2021-07-19,24.50,25.07,24.38,25.07,138400,,
2021-07-20,24.99,25.30,24.69,25.15,61100,,
2021-07-21,25.24,25.93,24.70,24.70,175900,,
2021-07-22,25.72,25.85,25.45,25.45,75300,,
2021-07-23,25.87,25.87,25.60,25.87,104500,,
2021-07-26,25.78,25.90,25.70,25.82,39800,,
2021-07-27,25.71,25.71,24.86,25.40,258100,,
2021-07-28,25.40,25.88,25.40,25.79,32500,,
2021-07-29,25.88,26.34,25.88,26.27,60300,,
2021-07-30,26.12,26.50,26.12,26.45,26300,,
2021-08-02,26.65,26.97,26.62,26.63,49100,,
2021-08-03,26.74,26.79,26.40,26.77,40400,,
2021-08-04,26.98,27.22,26.89,27.09,26600,,
2021-08-05,27.25,27.25,26.91,27.06,39000,,
2021-08-06,26.94,27.05,26.87,26.96,121400,,
2021-08-09,26.95,26.99,26.74,26.86,35900,,
2021-08-10,26.88,26.88,26.36,26.54,21300,,
2021-08-11,26.69,26.69,26.14,26.43,39800,,
2021-08-12,26.52,26.52,25.96,26.17,36400,,
2021-08-13,26.18,26.34,26.14,26.31,23500,,
2021-08-16,26.22,26.30,26.04,26.22,20600,,
2021-08-17,26.08,26.08,25.50,25.74,33900,,
2021-08-18,25.70,25.79,25.33,25.36,27000,,
2021-08-19,25.25,25.61,25.05,25.58,47300,,
2021-08-20,25.65,25.70,25.40,25.67,17400,,
2021-08-23,26.00,26.41,26.00,26.37,35700,,
2021-08-24,26.51,26.56,26.39,26.44,30600,,
2021-08-25,26.59,26.73,26.59,26.62,18000,,
2021-08-26,27.03,27.09,26.49,26.64,15700,,
2021-08-27,26.79,27.18,26.71,27.12,18900,,
2021-08-30,27.32,27.45,27.14,27.22,33700,,
2021-08-31,27.39,27.39,26.77,27.01,18100,,
2021-09-01,27.22,27.22,26.87,26.87,19600,,
2021-09-02,27.00,27.02,26.86,26.95,15400,,
2021-09-03,27.00,27.19,27.00,27.12,51100,,
2021-09-07,27.26,27.26,26.89,27.03,28500,,
2021-09-08,26.84,26.85,26.50,26.70,18000,,
2021-09-09,26.65,26.93,26.65,26.81,10300,,
2021-09-10,27.25,27.37,26.97,26.97,14200,,
2021-09-13,27.21,27.30,26.90,27.26,24300,,
2021-09-14,27.37,27.47,27.17,27.26,19800,,
2021-09-15,27.33,27.41,27.03,27.41,24100,,
2021-09-16,27.15,27.52,27.11,27.46,9100,,
2021-09-17,27.49,27.49,26.93,27.06,15900,,
2021-09-20,26.49,26.49,25.92,26.29,40700,0.079,
2021-09-21,26.47,26.52,26.13,26.40,15300,,
2021-09-22,26.64,26.91,26.53,26.88,22000,,
2021-09-23,27.00,27.34,26.96,27.28,28700,,
2021-09-24,27.07,27.28,27.05,27.22,23900,,
2021-09-27,27.03,27.24,26.86,27.14,18000,,
2021-09-28,26.72,26.77,26.15,26.17,77100,,
2021-09-29,26.25,26.25,25.70,25.77,21300,,
2021-09-30,25.92,26.04,25.71,25.71,17700,,
2021-10-01,25.84,25.84,25.33,25.74,24700,,
2021-10-04,25.69,25.69,25.02,25.22,36500,,
2021-10-05,25.41,25.62,25.28,25.47,24200,,
2021-10-06,25.20,25.56,25.09,25.53,26400,,
2021-10-07,25.93,26.16,25.81,25.84,11100,,
2021-10-08,25.89,25.89,25.58,25.61,13100,,
2021-10-11,25.56,25.82,25.41,25.42,23800,,
2021-10-12,25.50,25.50,24.98,25.04,19900,,
2021-10-13,25.31,25.31,25.11,25.16,25300,,
2021-10-14,25.69,25.97,25.58,25.97,16900,,
2021-10-15,26.20,26.20,26.03,26.16,32900,,
2021-10-18,26.00,26.35,25.95,26.35,28500,,
2021-10-19,26.52,26.67,26.35,26.65,16400,,
2021-10-20,26.59,26.68,26.54,26.65,30800,,
2021-10-21,26.54,26.93,26.51,26.93,26800,,
2021-10-22,26.85,27.00,26.60,26.60,19000,,
2021-10-25,26.58,26.89,26.58,26.78,16600,,
2021-10-26,27.15,27.15,26.77,26.90,28400,,
2021-10-27,26.62,26.80,26.50,26.53,18700,,
2021-10-28,26.79,27.12,26.79,27.09,23200,,
2021-10-29,26.95,27.23,26.95,27.22,16100,,
2021-11-01,27.26,27.64,27.26,27.64,29100,,
2021-11-02,27.71,28.01,27.71,27.98,23300,,
2021-11-03,28.10,28.35,27.92,28.35,44900,,
2021-11-04,28.74,29.37,28.58,29.32,46900,,
2021-11-05,29.60,29.89,29.50,29.67,43300,,
2021-11-08,29.89,30.16,29.75,30.04,54200,,
2021-11-09,30.40,30.40,29.73,30.03,71500,,
2021-11-10,29.64,29.85,29.07,29.22,39600,,
2021-11-11,29.58,29.75,29.45,29.69,23900,,
2021-11-12,29.73,30.06,29.68,29.98,18800,,
2021-11-15,30.21,30.21,29.80,29.93,30400,,
2021-11-16,29.98,30.52,29.85,30.49,25100,,
2021-11-17,30.50,30.50,30.14,30.27,32200,,
2021-11-18,30.88,30.93,30.55,30.81,41600,,
2021-11-19,30.81,31.08,30.68,30.91,36000,,
2021-11-22,31.15,31.45,30.37,30.40,91000,,
2021-11-23,30.39,30.57,29.82,30.30,45600,,
2021-11-24,30.00,30.58,29.79,30.58,39600,,
2021-11-26,30.10,30.27,29.53,29.77,31600,,
2021-11-29,30.21,31.03,30.08,31.03,70700,,
2021-11-30,30.80,30.99,30.09,30.25,39900,,
2021-12-01,30.81,31.23,30.10,30.12,51700,,
2021-12-02,29.87,30.27,29.61,30.09,45900,,
2021-12-03,30.63,30.86,29.72,30.10,64100,,
2021-12-06,30.05,30.18,29.21,30.18,55600,,
2021-12-07,30.69,31.59,30.69,31.57,37300,,
2021-12-08,31.46,31.46,31.04,31.37,39500,,
2021-12-09,31.21,31.35,30.67,30.68,28100,,
2021-12-10,31.37,31.37,30.64,30.97,22900,,
2021-12-13,31.20,31.20,30.16,30.16,45900,,
2021-12-14,29.83,30.16,29.60,30.16,36600,,
2021-12-15,30.08,31.12,29.70,31.12,33800,,
2021-12-16,31.36,31.36,29.63,29.80,40700,,
2021-12-17,29.59,30.02,29.46,29.97,28200,,
2021-12-20,29.48,29.51,29.03,29.33,32500,0.148,
2021-12-21,30.15,30.38,29.60,30.33,33800,,
2021-12-22,30.31,30.60,30.06,30.60,37600,,
2021-12-23,30.81,31.08,30.80,30.91,36400,,
2021-12-27,31.12,31.79,31.12,31.76,53800,,
2021-12-28,31.98,31.98,31.27,31.49,29600,,
2021-12-29,31.56,31.65,31.32,31.51,20300,,
2021-12-30,31.58,31.58,31.08,31.14,32500,,
2021-12-31,31.25,31.37,31.10,31.30,20100,,
2022-01-03,31.35,31.73,31.21,31.73,60200,,
2022-01-04,32.01,32.01,30.83,31.55,110600,,
2022-01-05,31.63,31.63,30.50,30.50,51200,,
2022-01-06,30.59,30.91,30.25,30.91,71700,,
2022-01-07,30.88,30.93,29.80,30.02,48100,,
2022-01-10,29.52,29.96,28.98,29.92,58600,,
2022-01-11,29.93,30.53,29.65,30.53,185400,,
2022-01-12,30.97,30.98,30.41,30.79,35700,,
2022-01-13,31.17,31.38,29.93,30.07,59500,,
2022-01-14,29.85,30.74,29.75,30.73,23600,,
2022-01-18,30.38,30.38,29.32,29.40,43800,,
2022-01-19,29.54,29.61,28.40,28.46,104700,,
2022-01-20,28.80,28.81,27.50,27.50,43700,,
2022-01-21,27.29,28.06,27.00,27.00,66100,,
2022-01-24,26.75,27.37,25.69,27.36,121000,,
2022-01-25,26.79,27.00,26.25,26.44,56900,,
2022-01-26,27.26,27.87,26.44,26.77,72500,,
2022-01-27,27.00,27.00,25.47,25.50,63200,,
2022-01-28,25.58,25.97,24.80,25.97,58800,,
2022-01-31,26.16,27.40,26.00,27.38,49900,,
2022-02-01,27.67,27.67,26.95,27.59,36100,,
2022-02-02,28.21,28.35,27.73,28.28,49700,,
2022-02-03,27.75,27.97,27.00,27.09,40400,,
2022-02-04,26.94,27.34,26.60,27.22,21400,,
2022-02-07,27.29,27.53,27.13,27.24,25500,,
2022-02-08,27.34,27.90,27.07,27.87,22800,,
2022-02-09,28.25,28.80,27.90,28.80,35300,,
2022-02-10,28.01,28.89,27.73,27.83,42600,,
2022-02-11,27.96,28.15,26.34,26.47,76000,,
2022-02-14,26.67,27.00,26.18,26.58,111700,,
2022-02-15,27.15,28.02,27.03,27.97,46800,,
2022-02-16,27.91,28.06,27.44,28.05,33300,,
2022-02-17,27.83,27.83,26.95,27.01,57200,,
2022-02-18,27.00,27.02,26.27,26.71,33000,,
2022-02-22,26.31,27.12,26.07,26.47,36100,,
2022-02-23,26.83,26.92,25.79,25.86,42900,,
2022-02-24,25.00,26.90,24.91,26.90,68000,,
2022-02-25,26.99,27.17,26.43,27.17,39200,,
2022-02-28,26.89,27.20,26.54,26.98,22500,,
2022-03-01,26.93,26.95,25.86,26.10,32000,,
2022-03-02,26.35,27.07,26.34,26.99,33600,,
2022-03-03,27.06,27.06,26.27,26.27,26200,,
2022-03-04,26.16,26.16,25.45,25.76,50700,,
2022-03-07,25.69,25.87,24.58,24.58,65700,,
2022-03-08,24.69,25.73,24.20,24.92,38000,,
2022-03-09,25.88,26.05,25.38,25.83,32500,,
2022-03-10,25.46,25.46,24.88,25.33,24500,,
2022-03-11,25.74,25.74,24.80,24.80,27300,,
2022-03-14,24.81,24.82,23.90,24.00,49300,,
2022-03-15,24.28,25.07,24.16,25.07,29400,,
2022-03-16,25.69,26.35,25.29,26.35,49400,,
2022-03-17,26.03,26.55,25.98,26.55,30900,,
2022-03-18,26.45,27.14,26.24,27.09,38700,,
2022-03-21,27.13,27.15,26.50,26.80,38300,0.065,
2022-03-22,27.00,27.43,26.98,27.10,26200,,
2022-03-23,27.02,27.21,26.45,26.47,40000,,
2022-03-24,26.69,27.89,26.61,27.89,30700,,
2022-03-25,27.89,27.89,27.29,27.78,54500,,
2022-03-28,27.63,27.96,27.16,27.96,25800,,
2022-03-29,28.46,28.58,27.98,28.42,38100,,
2022-03-30,28.44,28.44,27.50,27.57,35000,,
2022-03-31,27.67,27.67,26.97,27.04,26500,,
2022-04-01,27.23,27.23,26.10,26.55,41800,,
2022-04-04,26.68,26.98,26.55,26.98,27800,,
2022-04-05,26.98,26.98,25.70,25.79,61200,,
2022-04-06,25.33,25.54,24.91,25.24,69800,,
2022-04-07,25.07,25.40,24.69,25.21,57200,,
2022-04-08,24.99,24.99,24.55,24.60,33000,,
2022-04-11,24.33,24.34,24.03,24.03,92700,,
2022-04-12,24.61,24.69,23.91,24.04,51300,,
2022-04-13,24.20,24.67,24.07,24.58,25600,,
2022-04-14,24.82,24.82,23.83,23.84,40200,,
2022-04-18,23.93,24.43,23.79,24.25,28100,,
2022-04-19,24.20,24.85,24.20,24.85,44500,,
2022-04-20,25.11,25.40,24.68,24.69,23100,,
2022-04-21,24.96,25.23,23.97,24.10,23700,,
2022-04-22,24.09,24.13,23.51,23.51,34700,,
2022-04-25,23.31,23.95,23.31,23.92,34800,,
2022-04-26,23.68,23.68,22.90,22.95,46600,,
2022-04-27,22.74,23.20,22.62,22.82,22900,,
2022-04-28,23.34,24.29,22.96,24.09,30600,,
2022-04-29,23.83,24.09,22.97,23.00,25400,,
2022-05-02,23.05,23.81,22.89,23.81,22700,,
2022-05-03,23.83,24.15,23.56,24.00,36000,,
2022-05-04,24.22,24.92,23.44,24.92,32600,,
2022-05-05,24.50,24.50,23.41,23.68,17500,,
2022-05-06,23.33,24.01,23.11,23.47,30800,,
2022-05-09,23.05,23.23,22.25,22.33,59200,,
2022-05-10,22.93,23.21,22.43,22.89,105300,,
2022-05-11,22.69,23.11,22.12,22.19,41600,,
2022-05-12,21.89,22.43,21.72,22.31,56300,,
2022-05-13,22.70,23.52,22.66,23.44,76000,,
2022-05-16,23.23,23.37,22.97,23.04,30600,,
2022-05-17,23.67,24.19,23.56,24.19,43500,,
2022-05-18,23.83,23.99,22.85,22.95,30100,,
2022-05-19,22.71,23.33,22.62,22.79,37900,,
2022-05-20,23.24,23.24,21.76,22.75,57400,,
2022-05-23,22.61,22.87,22.44,22.82,43300,,
2022-05-24,22.30,22.39,22.11,22.26,18200,,
2022-05-25,22.19,22.84,22.19,22.69,18700,,
2022-05-26,22.58,23.69,22.58,23.63,17900,,
2022-05-27,24.00,24.59,24.00,24.58,24700,,
2022-05-31,24.58,24.62,24.10,24.39,25800,,
2022-06-01,24.60,24.60,23.74,24.07,31900,,
2022-06-02,24.07,24.89,24.07,24.87,38200,,
2022-06-03,24.43,24.43,24.11,24.18,12700,,
2022-06-06,24.66,24.66,24.06,24.11,31300,,
2022-06-07,23.93,24.40,23.70,24.36,34500,,
2022-06-08,24.28,24.32,23.69,23.84,26800,,
2022-06-09,23.65,23.95,23.15,23.15,21900,,
2022-06-10,22.83,22.98,22.32,22.33,49100,,
2022-06-13,21.49,21.73,21.03,21.06,148300,,
2022-06-14,21.25,21.36,20.98,21.20,52600,,
2022-06-15,21.53,21.78,21.14,21.62,22900,,
2022-06-16,20.98,20.98,20.02,20.29,34300,,
2022-06-17,20.30,20.49,19.95,20.32,42900,,
2022-06-21,20.74,21.11,20.74,20.87,36900,0.07,
2022-06-22,20.59,20.88,20.51,20.59,40400,,
2022-06-23,20.50,20.63,20.18,20.46,18400,,
2022-06-24,20.85,21.38,20.85,21.35,30300,,
2022-06-27,21.63,21.63,21.26,21.32,38200,,
2022-06-28,21.60,21.70,20.75,20.75,32400,,
2022-06-29,20.56,20.56,20.11,20.32,30100,,
2022-06-30,20.06,20.38,19.80,20.15,52800,,
2022-07-01,19.83,19.87,19.14,19.33,40800,,
2022-07-05,18.92,19.53,18.79,19.53,53000,,
2022-07-06,19.65,19.85,19.33,19.65,80600,,
2022-07-07,20.14,20.59,20.14,20.52,42100,,
2022-07-08,20.30,20.70,20.19,20.63,28600,,
2022-07-11,20.42,20.42,20.00,20.12,31600,,
2022-07-12,20.32,20.43,20.03,20.16,20400,,
2022-07-13,19.70,20.40,19.67,20.31,29000,,
2022-07-14,20.28,20.71,19.93,20.65,34000,,
2022-07-15,20.85,21.18,20.72,21.17,35700,,
2022-07-18,21.57,21.66,21.01,21.08,40300,,
2022-07-19,21.51,22.12,21.49,22.03,47900,,
2022-07-20,22.06,22.67,21.88,22.60,36300,,
2022-07-21,22.80,22.98,22.40,22.98,41900,,
2022-07-22,22.90,22.90,22.20,22.39,42700,,
2022-07-25,22.30,22.30,21.96,22.21,43700,,
2022-07-26,22.14,22.18,21.81,21.90,37400,,
2022-07-27,22.31,23.05,22.23,22.87,91000,,
2022-07-28,22.98,23.23,22.45,23.14,61300,,
2022-07-29,22.90,23.42,22.76,23.33,51900,,
2022-08-01,23.25,23.65,23.07,23.47,61300,,
2022-08-02,23.35,23.78,23.15,23.45,61100,,
2022-08-03,23.47,24.09,23.42,24.00,72300,,
2022-08-04,24.07,24.31,23.94,24.26,58100,,
2022-08-05,23.89,24.25,23.77,24.07,35700,,
2022-08-08,23.76,23.96,23.35,23.64,81100,,
2022-08-09,23.16,23.16,22.36,22.56,72700,,
2022-08-10,23.13,23.56,22.90,23.56,63700,,
2022-08-11,23.76,24.07,23.45,23.49,37200,,
2022-08-12,23.70,24.21,23.70,24.19,28500,,
2022-08-15,24.12,24.29,23.91,24.26,41300,,
2022-08-16,24.18,24.23,23.83,23.98,73000,,
2022-08-17,23.69,23.69,23.09,23.38,66200,,
2022-08-18,23.46,24.10,23.39,23.90,26700,,
2022-08-19,23.71,23.71,23.21,23.29,16000,,
2022-08-22,22.85,22.89,22.38,22.39,65200,,
2022-08-23,22.38,22.83,22.38,22.60,20800,,
2022-08-24,22.40,22.64,22.37,22.58,18200,,
2022-08-25,22.67,23.41,22.67,23.39,31500,,
2022-08-26,23.40,23.40,22.08,22.08,60100,,
2022-08-29,21.87,22.00,21.61,21.62,52400,,
2022-08-30,21.87,21.87,21.13,21.34,26300,,
2022-08-31,21.30,21.41,20.98,21.08,29500,,
2022-09-01,20.64,20.72,20.11,20.72,95600,,
2022-09-02,21.04,21.14,20.43,20.53,38100,,
2022-09-06,20.51,20.56,20.13,20.31,41600,,
2022-09-07,20.31,20.74,20.30,20.57,14300,,
2022-09-08,20.40,20.98,20.31,20.93,42200,,
2022-09-09,21.26,21.52,21.26,21.48,40500,,
2022-09-12,21.54,21.63,21.33,21.56,86400,,
2022-09-13,20.74,20.91,20.17,20.19,101200,,
2022-09-14,20.42,20.56,20.16,20.44,43200,,
2022-09-15,20.37,20.50,19.99,20.09,46300,,
2022-09-16,19.88,20.27,19.81,20.27,108400,,
2022-09-19,19.98,20.32,19.98,20.29,45700,0.069,
2022-09-20,20.09,20.16,19.86,19.99,62200,,
2022-09-21,20.02,20.39,19.81,19.81,16600,,
2022-09-22,19.76,19.76,19.17,19.27,79800,,
2022-09-23,19.00,19.05,18.66,18.93,43000,,
2022-09-26,18.97,19.15,18.68,18.68,45300,,
2022-09-27,18.94,19.12,18.61,18.90,83200,,
2022-09-28,18.76,19.17,18.74,19.10,26900,,
2022-09-29,18.82,18.82,18.21,18.47,67700,,
2022-09-30,18.26,18.72,18.16,18.19,65900,,
2022-10-03,18.42,18.99,18.32,18.85,22500,,
2022-10-04,19.40,19.70,19.39,19.67,41900,,
2022-10-05,19.37,20.00,19.15,19.88,67300,,
2022-10-06,19.85,20.01,19.73,19.73,50800,,
2022-10-07,19.19,19.22,18.46,18.58,57600,,
2022-10-10,18.55,18.55,17.69,17.92,130600,,
2022-10-11,17.64,17.70,17.25,17.43,112600,,
2022-10-12,17.50,17.50,17.25,17.30,472500,,
2022-10-13,16.68,18.11,16.45,17.83,59700,,
2022-10-14,18.04,18.04,16.99,16.99,178500,,
2022-10-17,17.48,17.62,17.27,17.39,94600,,
2022-10-18,17.94,18.06,17.18,17.50,82000,,
2022-10-19,17.48,17.75,17.36,17.61,128600,,
2022-10-20,17.69,18.25,17.66,17.71,29800,,
2022-10-21,17.67,18.42,17.67,18.41,34300,,
2022-10-24,18.46,18.57,18.13,18.49,63300,,
2022-10-25,18.54,19.02,18.54,18.90,26900,,
2022-10-26,18.62,19.11,18.46,18.73,136700,,
2022-10-27,18.86,19.08,18.41,18.43,76500,,
2022-10-28,18.61,19.18,18.57,19.14,55300,,
2022-10-31,19.07,19.07,18.69,18.79,44700,,
2022-11-01,19.17,19.19,18.85,18.94,239100,,
2022-11-02,19.10,19.29,18.33,18.37,60900,,
2022-11-03,18.03,18.30,17.87,18.10,40300,,
2022-11-04,18.81,18.92,18.45,18.92,148800,,
2022-11-07,19.08,19.37,18.85,19.28,57500,,
2022-11-08,19.77,19.94,19.34,19.69,142800,,
2022-11-09,19.45,19.47,19.09,19.09,29000,,
2022-11-10,20.23,21.05,20.04,21.02,50600,,
2022-11-11,21.12,21.80,20.96,21.67,71700,,
2022-11-14,21.66,21.88,21.48,21.52,37300,,
2022-11-15,22.39,22.42,21.98,22.17,158200,,
2022-11-16,21.64,21.64,21.13,21.19,46200,,
2022-11-17,20.80,21.45,20.70,21.45,236600,,
2022-11-18,21.77,21.77,21.24,21.49,67100,,
2022-11-21,21.29,21.29,21.05,21.12,125500,,
2022-11-22,21.29,21.74,21.12,21.74,27200,,
2022-11-23,21.80,22.18,21.75,21.99,81700,,
2022-11-25,21.89,21.92,21.71,21.71,20400,,
2022-11-28,21.45,21.52,21.00,21.15,31800,,
2022-11-29,21.21,21.21,20.95,21.03,21200,,
2022-11-30,21.14,22.32,20.92,22.32,46900,,
2022-12-01,22.43,22.43,21.86,22.10,48100,,
2022-12-02,21.56,21.89,21.49,21.83,27800,,
2022-12-05,21.77,21.86,21.47,21.58,28500,,
2022-12-06,21.49,21.51,20.91,21.06,25000,,
2022-12-07,20.95,21.12,20.91,21.06,32700,,
2022-12-08,21.15,21.68,21.02,21.62,390200,,
2022-12-09,21.50,21.83,21.44,21.44,36400,,
2022-12-12,21.37,21.88,21.37,21.88,34300,,
2022-12-13,22.98,22.99,22.06,22.22,38500,,
2022-12-14,22.25,22.47,21.79,21.94,53300,,
2022-12-15,21.52,21.53,20.98,21.02,185400,,
2022-12-16,20.85,21.04,20.61,20.82,26500,,
2022-12-19,20.83,20.83,20.29,20.49,44100,0.067,
2022-12-20,20.17,20.52,20.17,20.36,71600,,
2022-12-21,20.53,20.87,20.53,20.83,18700,,
2022-12-22,20.41,20.41,19.54,19.97,237800,,
2022-12-23,19.81,19.98,19.63,19.98,75000,,
2022-12-27,19.81,19.81,19.57,19.62,83800,,
2022-12-28,19.48,19.68,19.29,19.34,65400,,
2022-12-29,19.58,20.00,19.56,19.96,70600,,
2022-12-30,19.61,19.93,19.50,19.91,45000,,
2023-01-03,20.25,20.25,19.61,19.71,123200,,
2023-01-04,20.03,20.30,19.88,20.20,156500,,
2023-01-05,20.03,20.11,19.85,19.85,18200,,
2023-01-06,20.21,20.85,19.90,20.78,106400,,
2023-01-09,21.16,21.62,21.00,21.12,66600,,
2023-01-10,21.13,21.45,21.00,21.45,41000,,
2023-01-11,21.50,21.70,21.30,21.70,81700,,
2023-01-12,21.85,22.08,21.45,21.99,35200,,
2023-01-13,21.64,22.05,21.64,22.02,23700,,
2023-01-17,22.02,22.27,21.89,22.13,100300,,
2023-01-18,22.36,22.46,21.94,21.94,36300,,
2023-01-19,21.73,21.73,21.29,21.36,42900,,
2023-01-20,21.59,22.00,21.40,21.97,24600,,
2023-01-23,22.26,23.18,22.19,23.08,101900,,
2023-01-24,22.92,23.05,22.82,22.91,96900,,
2023-01-25,22.57,22.99,22.43,22.99,40900,,
2023-01-26,23.30,23.36,22.86,23.33,102500,,
2023-01-27,22.91,23.36,22.91,23.16,46500,,
2023-01-30,22.82,22.98,22.56,22.56,74700,,
2023-01-31,22.56,23.04,22.53,23.04,39900,,
2023-02-01,23.10,24.41,23.10,24.23,67500,,
2023-02-02,24.47,24.95,24.34,24.78,65900,,
2023-02-03,24.21,24.77,24.21,24.24,26800,,
2023-02-06,23.90,24.17,23.85,23.90,46800,,
2023-02-07,23.92,24.68,23.90,24.59,36400,,
2023-02-08,24.51,24.65,24.08,24.12,30100,,
2023-02-09,24.56,24.75,24.00,24.13,36400,,
2023-02-10,23.92,23.92,23.49,23.75,24700,,
2023-02-13,23.90,24.16,23.75,24.08,94900,,
2023-02-14,24.00,24.65,23.79,24.58,50100,,
2023-02-15,24.33,24.71,24.14,24.71,37800,,
2023-02-16,24.28,24.49,24.09,24.10,42900,,
2023-02-17,23.90,24.01,23.50,23.71,39300,,
2023-02-21,23.36,23.55,22.90,22.93,56700,,
2023-02-22,23.00,23.11,22.66,22.79,47300,,
2023-02-23,23.60,23.67,23.11,23.57,41800,,
2023-02-24,23.22,23.22,22.98,23.13,29400,,
2023-02-27,23.45,23.58,23.23,23.23,36500,,
2023-02-28,23.27,23.60,23.26,23.34,13800,,
2023-03-01,23.38,23.61,23.27,23.29,22400,,
2023-03-02,23.02,23.61,22.80,23.56,39100,,
2023-03-03,23.56,23.91,23.37,23.89,76600,,
2023-03-06,24.00,24.23,23.59,23.60,56800,,
2023-03-07,23.62,23.69,23.26,23.35,195600,,
2023-03-08,23.41,24.02,23.41,24.02,364300,,
2023-03-09,24.01,24.34,23.49,23.50,44900,,
2023-03-10,23.63,23.63,22.95,23.04,97700,,
2023-03-13,22.86,23.31,22.61,23.06,83900,,
2023-03-14,23.50,23.86,23.39,23.72,83900,,
2023-03-15,23.30,23.54,23.04,23.48,50000,,
2023-03-16,23.48,24.48,23.39,24.48,106100,,
2023-03-17,24.53,24.64,24.17,24.30,55800,,
2023-03-20,24.32,24.54,24.11,24.53,27000,0.077,
2023-03-21,24.70,24.85,24.25,24.55,26400,,
2023-03-22,24.56,25.20,24.31,24.31,50900,,
2023-03-23,24.74,25.30,24.57,24.99,87300,,
2023-03-24,24.72,24.79,24.34,24.60,54300,,
2023-03-27,24.63,24.72,24.23,24.30,264700,,
2023-03-28,24.18,24.18,23.78,24.05,45400,,
2023-03-29,24.45,24.99,24.45,24.83,46100,,
2023-03-30,25.12,25.40,25.08,25.27,37000,,
2023-03-31,25.14,25.45,25.09,25.45,35100,,
2023-04-03,25.29,25.35,24.90,25.20,363500,,
2023-04-04,25.34,25.34,24.61,24.74,59500,,
2023-04-05,24.50,24.50,24.07,24.33,129200,,
2023-04-06,24.15,24.36,23.90,24.19,127200,,
2023-04-10,23.99,24.62,23.99,24.62,151700,,
2023-04-11,24.72,24.72,24.45,24.50,229500,,
2023-04-12,24.79,24.79,24.03,24.06,167400,,
2023-04-13,24.12,24.32,23.89,24.19,54600,,
2023-04-14,24.21,24.44,23.89,24.18,42600,,
2023-04-17,23.93,24.15,23.83,24.15,131700,,
2023-04-18,24.41,24.49,24.06,24.24,131000,,
2023-04-19,23.96,24.02,23.84,23.99,67600,,
2023-04-20,23.78,24.33,23.78,23.96,77000,,
2023-04-21,23.94,23.94,23.60,23.77,66400,,
2023-04-24,23.76,23.87,23.55,23.69,98800,,
2023-04-25,23.57,23.57,22.87,22.87,111900,,
2023-04-26,23.10,23.22,22.92,22.99,30000,,
2023-04-27,23.00,23.17,22.61,23.17,39800,,
2023-04-28,23.24,23.57,23.22,23.56,32800,,
2023-05-01,23.75,23.83,23.61,23.78,30100,,
2023-05-02,23.72,23.86,23.39,23.59,29600,,
2023-05-03,23.50,23.65,23.26,23.26,43100,,
2023-05-04,23.07,23.33,22.95,23.13,48100,,
2023-05-05,23.24,23.77,23.12,23.71,24200,,
2023-05-08,23.61,23.83,23.49,23.79,79100,,
2023-05-09,23.48,23.48,23.34,23.37,387800,,
2023-05-10,23.60,23.75,23.41,23.62,37200,,
2023-05-11,23.70,23.70,23.24,23.48,22100,,
2023-05-12,23.60,23.63,23.22,23.44,12600,,
2023-05-15,23.54,24.07,23.44,24.07,31000,,
2023-05-16,24.21,24.28,24.00,24.00,21600,,
2023-05-17,24.19,24.70,24.11,24.63,51800,,
2023-05-18,24.77,25.44,24.77,25.40,56700,,
2023-05-19,25.40,25.40,25.10,25.22,35900,,
2023-05-22,25.01,25.39,25.00,25.31,29100,,
2023-05-23,25.23,25.34,25.00,25.06,514700,,
2023-05-24,24.59,24.73,24.36,24.60,57100,,
2023-05-25,25.85,26.36,25.53,26.25,67100,,
2023-05-26,26.59,28.09,26.59,27.96,160800,,
2023-05-30,28.63,28.71,27.89,28.00,207900,,
2023-05-31,27.44,27.80,27.22,27.22,66500,,
2023-06-01,27.43,27.88,27.15,27.70,60700,,
2023-06-02,27.96,27.96,27.48,27.64,61800,,
2023-06-05,27.51,27.51,27.08,27.20,73900,,
2023-06-06,27.08,27.63,26.96,27.52,139400,,
2023-06-07,27.72,28.04,27.38,27.40,50200,,
2023-06-08,27.42,27.74,27.35,27.70,91900,,
2023-06-09,28.04,28.22,27.71,27.84,66100,,
2023-06-12,28.20,28.75,28.14,28.74,99300,,
2023-06-13,29.23,29.26,28.79,29.08,171600,,
2023-06-14,29.03,29.52,28.91,29.51,169700,,
2023-06-15,29.23,29.46,29.07,29.22,99400,,
2023-06-16,29.61,29.61,28.99,29.01,61900,,
2023-06-20,28.89,29.05,28.44,28.72,778700,0.07,
2023-06-21,28.60,28.62,27.93,27.93,104600,,
2023-06-22,27.68,28.16,27.68,28.12,42800,,
2023-06-23,27.73,27.73,27.51,27.64,43000,,
2023-06-26,27.81,28.19,27.66,27.66,40600,,
2023-06-27,27.84,28.70,27.70,28.65,24100,,
2023-06-28,28.19,28.65,28.17,28.45,83000,,
2023-06-29,28.56,28.56,28.27,28.47,37900,,
2023-06-30,28.73,29.02,28.68,28.93,39300,,
2023-07-03,29.12,29.21,28.84,29.16,40300,,
2023-07-05,29.05,29.05,28.54,28.56,37800,,
2023-07-06,28.09,28.18,27.80,28.18,42900,,
2023-07-07,28.25,28.60,28.06,28.18,41600,,
2023-07-10,28.31,28.79,28.26,28.77,31500,,
2023-07-11,28.94,28.94,28.38,28.77,36400,,
2023-07-12,29.20,29.33,29.01,29.31,45600,,
2023-07-13,29.62,29.95,29.50,29.88,123100,,
2023-07-14,29.88,30.11,29.40,29.55,44800,,
2023-07-17,29.61,30.33,29.45,30.19,74300,,
2023-07-18,30.12,30.35,29.86,30.22,72600,,
2023-07-19,30.35,30.35,29.87,29.96,77900,,
2023-07-20,29.48,29.48,28.75,28.81,102000,,
2023-07-21,29.22,29.36,28.96,29.13,59100,,
2023-07-24,29.20,29.29,28.98,29.05,40400,,
2023-07-25,29.27,29.73,29.27,29.58,57100,,
2023-07-26,29.26,29.35,28.83,29.11,68700,,
2023-07-27,29.88,30.26,29.50,29.64,58000,,
2023-07-28,30.31,30.40,29.95,30.36,109100,,
2023-07-31,30.50,30.53,30.30,30.44,63000,,
2023-08-01,30.26,30.47,30.07,30.40,60400,,
2023-08-02,30.04,30.04,29.10,29.22,88000,,
2023-08-03,28.89,29.35,28.82,29.22,66900,,
2023-08-04,29.15,29.54,28.91,29.17,104300,,
2023-08-07,29.32,29.47,29.18,29.47,39200,,
2023-08-08,29.08,29.08,28.63,29.00,45800,,
2023-08-09,29.02,29.03,28.43,28.47,57900,,
2023-08-10,28.78,28.97,28.17,28.32,65700,,
2023-08-11,28.04,28.04,27.62,27.67,34800,,
2023-08-14,27.49,28.51,27.46,28.51,44600,,
2023-08-15,28.46,28.46,28.00,28.00,28000,,
2023-08-16,27.87,27.91,27.43,27.44,66700,,
2023-08-17,27.62,27.62,27.11,27.17,43700,,
2023-08-18,26.91,27.38,26.81,27.25,46400,,
2023-08-21,27.46,28.09,27.45,28.04,38900,,
2023-08-22,28.44,28.45,27.74,27.78,92000,,
2023-08-23,27.71,28.48,27.70,28.42,45700,,
2023-08-24,28.95,28.95,27.43,27.44,106000,,
2023-08-25,27.46,27.69,27.02,27.52,31400,,
2023-08-28,27.84,27.90,27.62,27.87,41200,,
2023-08-29,27.81,28.68,27.81,28.62,32600,,
2023-08-30,28.58,28.84,28.29,28.76,56500,,
2023-08-31,28.69,29.08,28.69,28.91,52700,,
2023-09-01,29.19,29.19,28.85,29.07,20800,,
2023-09-05,28.90,29.26,28.84,28.99,86800,,
2023-09-06,29.02,29.14,28.57,28.84,62600,,
2023-09-07,28.25,28.32,27.91,28.26,49700,,
2023-09-08,28.29,28.40,28.04,28.14,20300,,
2023-09-11,28.52,28.52,27.80,28.16,105600,,
2023-09-12,28.03,28.26,27.95,27.95,31200,,
2023-09-13,27.98,28.33,27.98,28.07,55400,,
2023-09-14,28.40,28.40,28.03,28.25,47500,,
2023-09-15,28.10,28.10,27.31,27.43,36100,,
2023-09-18,27.23,27.59,27.16,27.47,32500,0.064,
2023-09-19,27.43,27.43,27.09,27.21,27700,,
2023-09-20,27.38,27.42,26.77,26.77,45700,,
2023-09-21,26.47,26.63,26.28,26.28,60000,,
2023-09-22,26.59,26.74,26.46,26.49,22400,,
2023-09-25,26.33,26.70,26.33,26.67,31100,,
2023-09-26,26.47,26.55,26.10,26.23,77800,,
2023-09-27,26.44,26.60,26.13,26.50,37900,,
2023-09-28,26.46,27.19,26.35,26.92,26000,,
2023-09-29,27.37,27.43,26.95,27.05,25700,,
2023-10-02,27.11,27.33,26.90,27.18,20300,,
2023-10-03,26.95,27.28,26.45,26.57,32500,,
2023-10-04,26.73,27.00,26.56,26.92,35400,,
2023-10-05,26.98,27.00,26.62,26.84,39500,,
2023-10-06,26.74,27.50,26.53,27.39,153400,,
2023-10-09,27.16,27.35,26.89,27.32,45400,,
2023-10-10,27.41,27.89,27.32,27.67,37800,,
2023-10-11,27.81,27.89,27.52,27.89,48500,,
2023-10-12,27.93,28.32,27.71,27.96,58700,,
2023-10-13,27.96,27.96,27.15,27.22,67300,,
2023-10-16,27.26,27.65,27.26,27.55,46900,,
2023-10-17,27.03,27.55,26.70,27.39,51400,,
2023-10-18,27.00,27.06,26.74,26.91,32500,,
2023-10-19,27.14,27.14,26.45,26.53,59100,,
2023-10-20,26.60,26.71,26.09,26.13,58700,,
2023-10-23,26.01,26.41,25.75,25.99,50600,,
2023-10-24,26.10,26.37,26.00,26.35,58400,,
2023-10-25,26.02,26.02,25.16,25.23,83200,,
2023-10-26,25.36,25.60,24.98,25.11,137000,,
2023-10-27,25.52,25.62,25.31,25.40,77400,,
2023-10-30,25.33,25.33,24.86,25.07,148000,,
2023-10-31,25.07,25.37,24.82,25.36,24000,,
2023-11-01,25.38,25.91,25.35,25.90,87200,,
2023-11-02,26.42,26.69,26.23,26.55,68700,,
2023-11-03,26.72,27.38,26.72,27.23,68500,,
2023-11-06,27.30,27.32,26.92,27.17,69000,,
2023-11-07,27.09,27.49,27.09,27.34,52200,,
2023-11-08,27.42,27.51,27.20,27.35,57200,,
2023-11-09,27.52,27.85,27.18,27.25,40400,,
2023-11-10,27.55,28.38,27.50,28.32,52600,,
2023-11-13,28.14,28.14,27.85,28.02,75000,,
2023-11-14,28.61,29.12,28.61,29.07,61200,,
2023-11-15,29.20,29.45,29.10,29.24,150600,,
2023-11-16,29.11,29.41,29.10,29.33,67300,,
2023-11-17,29.28,29.56,29.20,29.52,26100,,
2023-11-20,29.50,30.07,29.50,29.98,38500,,
2023-11-21,29.79,29.79,29.29,29.42,115300,,
2023-11-22,29.68,29.92,29.46,29.50,99300,,
2023-11-24,29.55,29.55,29.48,29.55,21000,,
2023-11-27,29.47,29.74,29.38,29.47,28800,,
2023-11-28,29.30,29.43,29.10,29.33,34500,,
2023-11-29,29.76,30.03,29.55,29.62,66100,,
2023-11-30,29.77,29.77,29.16,29.39,38100,,
2023-12-01,29.17,29.52,29.01,29.45,54800,,
2023-12-04,29.23,29.23,28.71,29.11,49000,,
2023-12-05,28.92,29.00,28.74,28.99,44100,,
2023-12-06,29.35,29.39,28.73,28.78,87300,,
2023-12-07,29.12,29.63,28.92,29.57,95600,,
2023-12-08,29.54,29.87,29.52,29.74,25800,,
2023-12-11,30.05,30.90,30.05,30.77,49200,,
2023-12-12,30.75,31.02,30.61,30.99,64600,,
2023-12-13,31.07,31.60,30.91,31.45,106700,,
2023-12-14,31.79,32.43,31.75,32.37,120800,,
2023-12-15,32.55,32.84,32.40,32.43,141500,,
2023-12-18,32.46,32.46,32.01,32.32,73300,0.076,
2023-12-19,32.30,32.51,32.30,32.48,51500,,
2023-12-20,32.33,32.42,31.55,31.58,131100,,
2023-12-21,32.30,32.48,32.10,32.44,123600,,
2023-12-22,32.63,32.70,32.33,32.57,90300,,
2023-12-26,32.70,33.26,32.70,33.15,110900,,
2023-12-27,33.30,33.34,33.02,33.23,129700,,
2023-12-28,33.32,33.35,33.12,33.18,60400,,
2023-12-29,33.22,33.22,32.73,32.86,127300,,
2024-01-02,32.42,32.44,31.42,31.72,176100,,
2024-01-03,31.26,31.30,30.93,31.03,116000,,
2024-01-04,30.62,31.07,30.50,30.80,103300,,
2024-01-05,30.88,31.24,30.79,31.00,181300,,
2024-01-08,31.20,32.05,31.20,32.01,201100,,
2024-01-09,31.69,32.23,31.61,31.96,151600,,
2024-01-10,32.06,32.06,31.51,31.92,122300,,
2024-01-11,31.89,32.22,31.40,32.07,142800,,
2024-01-12,32.04,32.21,31.73,31.92,90500,,
2024-01-16,31.91,32.51,31.82,32.31,124000,,
2024-01-17,32.16,32.16,31.55,32.01,128500,,
2024-01-18,32.90,33.16,32.60,33.15,169500,,
2024-01-19,33.57,34.49,33.43,34.46,220800,,
2024-01-22,34.79,34.95,34.25,34.52,232600,,
2024-01-23,34.60,34.80,34.24,34.80,144700,,
2024-01-24,35.19,35.77,34.94,35.32,237200,,
2024-01-25,35.97,35.99,35.09,35.23,292700,,
2024-01-26,34.57,34.69,34.11,34.22,226100,,
2024-01-29,34.37,34.59,34.04,34.59,187000,,
2024-01-30,34.46,34.53,33.88,34.05,145800,,
2024-01-31,33.50,34.15,33.25,33.59,171700,,
2024-02-01,33.78,33.79,33.29,33.69,197700,,
2024-02-02,33.71,34.23,33.69,34.16,119900,,
2024-02-05,34.43,34.71,34.06,34.57,188300,,
2024-02-06,34.73,34.73,33.81,34.19,161500,,
2024-02-07,34.45,34.76,34.15,34.76,105300,,
2024-02-08,34.85,35.52,34.83,35.25,161700,,
2024-02-09,35.50,36.03,35.30,36.00,110400,,
2024-02-12,36.08,36.59,35.82,35.91,177600,,
2024-02-13,34.94,35.55,34.74,35.23,136500,,
2024-02-14,35.67,35.99,35.50,35.97,108800,,
2024-02-15,36.08,36.22,35.77,35.95,130800,,
2024-02-16,36.30,36.43,35.65,35.69,247700,,
2024-02-20,35.55,35.55,34.57,35.14,212300,,
2024-02-21,34.83,35.08,34.56,35.08,248600,,
2024-02-22,36.45,36.94,36.28,36.79,281900,,
2024-02-23,37.00,37.11,36.21,36.35,228400,,
2024-02-26,36.80,36.90,36.52,36.75,225400,,
2024-02-27,37.00,37.00,36.66,36.69,173500,,
2024-02-28,36.38,36.47,36.12,36.33,182600,,
2024-02-29,36.80,37.35,36.61,37.28,354400,,
2024-03-01,37.77,39.02,37.69,38.87,491200,,
2024-03-04,39.41,39.72,39.06,39.29,504500,,
2024-03-05,38.95,39.02,38.08,38.50,320100,,
2024-03-06,39.30,39.83,39.01,39.42,417200,,
2024-03-07,39.99,40.90,39.90,40.71,395300,,
2024-03-08,40.99,41.12,39.10,39.11,565400,,
2024-03-11,38.66,38.78,38.16,38.54,348400,,
2024-03-12,39.09,39.37,38.38,39.37,254400,,
2024-03-13,39.00,39.00,38.16,38.40,236700,,
2024-03-14,38.38,38.45,37.39,37.77,796800,,
2024-03-15,37.42,37.87,37.20,37.52,151300,,
2024-03-18,38.12,38.26,37.40,37.45,417200,0.069,
2024-03-19,36.93,37.27,36.37,37.10,244700,,
2024-03-20,37.27,37.79,36.87,37.72,193100,,
2024-03-21,38.98,39.24,38.50,38.57,266200,,
2024-03-22,38.51,38.96,38.32,38.61,293400,,
2024-03-25,38.24,38.88,38.06,38.50,438500,,
2024-03-26,38.87,38.93,38.19,38.19,196700,,
2024-03-27,38.65,38.67,37.93,38.57,202200,,
2024-03-28,38.47,38.77,38.47,38.59,156600,,
2024-04-01,38.88,39.61,38.78,39.05,433200,,
2024-04-02,38.49,38.57,38.07,38.51,180400,,
2024-04-03,38.11,38.89,38.07,38.66,276600,,
2024-04-04,39.16,39.26,37.43,37.48,127600,,
2024-04-05,37.61,38.16,37.48,37.95,184800,,
2024-04-08,38.25,38.34,37.85,38.03,118900,,
2024-04-09,38.34,38.50,37.69,38.38,98500,,
2024-04-10,37.75,38.20,37.51,37.68,308600,,
2024-04-11,38.00,38.69,37.69,38.59,197600,,
2024-04-12,38.09,38.09,37.29,37.42,161900,,
2024-04-15,37.81,38.01,36.70,36.85,250800,,
2024-04-16,36.95,37.35,36.78,37.18,121100,,
2024-04-17,37.21,37.24,35.88,36.00,288500,,
2024-04-18,35.80,35.98,35.24,35.34,300900,,
2024-04-19,35.05,35.24,33.78,33.89,483400,,
2024-04-22,34.22,34.74,33.87,34.55,179400,,
2024-04-23,34.78,35.43,34.67,35.29,208400,,
2024-04-24,36.20,36.39,35.36,35.65,223200,,
2024-04-25,35.47,36.56,35.34,36.36,234800,,
2024-04-26,36.46,37.44,36.33,37.30,134800,,
2024-04-29,37.30,37.57,36.93,37.48,189100,,
2024-04-30,37.39,37.80,36.80,36.80,151900,,
2024-05-01,36.20,36.68,35.30,35.53,379300,,
2024-05-02,36.09,36.39,35.44,36.28,268300,,
2024-05-03,37.06,37.30,36.85,37.14,106300,,
2024-05-06,37.50,37.97,37.30,37.97,105400,,
2024-05-07,38.12,38.15,37.65,37.65,202100,,
2024-05-08,37.33,37.77,37.26,37.74,174400,,
2024-05-09,37.65,37.75,37.35,37.49,93500,,
2024-05-10,37.98,38.28,37.73,37.85,118100,,
2024-05-13,38.07,38.17,37.91,38.00,116300,,
2024-05-14,37.99,38.66,37.90,38.62,116600,,
2024-05-15,39.00,39.76,38.84,39.76,186800,,
2024-05-16,39.77,40.06,39.53,39.53,292500,,
2024-05-17,39.75,39.82,38.96,39.24,216400,,
2024-05-20,39.44,40.33,39.38,40.12,205600,,
2024-05-21,39.67,40.04,39.55,40.02,154000,,
2024-05-22,40.39,40.50,40.00,40.42,196800,,
2024-05-23,41.46,41.46,40.06,40.38,261600,,
2024-05-24,40.77,41.23,40.56,41.12,369600,,
2024-05-28,41.69,42.10,41.28,41.97,241300,,
2024-05-29,41.26,41.37,41.04,41.14,381800,,
2024-05-30,41.17,41.22,40.56,40.79,180900,,
2024-05-31,40.98,41.03,39.32,40.29,228000,,
2024-06-03,41.12,41.12,39.96,40.63,212200,,
2024-06-04,40.62,40.62,40.00,40.32,140700,,
2024-06-05,41.08,42.17,40.93,42.17,268300,,
2024-06-06,42.23,42.23,41.48,41.79,449900,,
2024-06-07,41.76,41.94,41.43,41.68,451100,,
2024-06-10,41.39,42.39,41.30,42.25,326100,,
2024-06-11,42.16,42.35,41.69,42.25,233200,,
2024-06-12,43.08,43.70,42.98,43.52,457100,,
2024-06-13,44.21,44.34,43.57,44.18,463300,,
2024-06-14,43.80,44.24,43.68,44.13,396600,,
2024-06-17,44.53,44.92,43.93,44.83,410400,,
2024-06-18,45.00,45.68,44.98,45.47,431700,,
2024-06-20,45.72,45.72,43.99,44.24,431300,,
2024-06-21,43.82,44.24,43.20,43.66,305200,,
2024-06-24,43.28,43.50,42.27,42.28,533800,0.061,
2024-06-25,42.62,43.09,42.21,43.09,485000,,
2024-06-26,42.99,43.30,42.45,42.96,435700,,
2024-06-27,42.91,43.11,42.45,42.71,355300,,
2024-06-28,43.03,43.95,42.78,43.09,680200,,
2024-07-01,43.14,43.17,42.28,43.17,228200,,
2024-07-02,42.90,43.68,42.88,43.68,276300,,
2024-07-03,43.73,44.68,43.57,44.52,243000,,
2024-07-05,44.80,44.91,44.30,44.50,310700,,
2024-07-08,44.93,45.45,44.91,45.41,282400,,
2024-07-09,45.71,45.89,44.99,45.42,379400,,
2024-07-10,45.88,46.57,45.68,46.54,360000,,
2024-07-11,46.82,46.82,44.76,44.91,849400,,
2024-07-12,45.15,46.25,44.92,45.52,565400,,
2024-07-15,45.79,46.10,45.23,45.56,639200,,
2024-07-16,45.74,45.77,44.98,45.65,526200,,
2024-07-17,44.40,44.46,42.55,42.60,687100,,
2024-07-18,43.35,43.39,42.05,42.82,755400,,
2024-07-19,42.77,42.77,41.43,41.50,707100,,
2024-07-22,42.36,43.16,42.03,43.15,452200,,
2024-07-23,42.58,42.95,42.42,42.47,473400,,
2024-07-24,41.82,41.94,40.14,40.17,649400,,
2024-07-25,39.90,40.70,38.64,39.43,503300,,
2024-07-26,40.31,40.55,39.81,40.18,670000,,
2024-07-29,40.69,41.15,39.96,40.10,545800,,
2024-07-30,40.31,40.34,38.38,38.49,538600,,
2024-07-31,40.35,41.27,40.07,41.18,538200,,
2024-08-01,40.64,40.98,37.81,38.24,729700,,
2024-08-02,36.58,37.02,35.80,36.29,1117300,,
2024-08-05,33.70,36.51,33.70,35.59,819200,,
2024-08-06,36.00,36.89,35.37,35.99,862800,,
2024-08-07,37.04,37.36,34.81,34.84,873800,,
2024-08-08,35.87,37.33,35.21,37.29,476100,,
2024-08-09,37.07,37.42,36.58,37.12,371700,,
2024-08-12,37.24,37.79,36.92,37.41,246500,,
2024-08-13,37.97,38.96,37.69,38.96,401400,,
2024-08-14,39.30,39.34,38.25,38.89,359900,,
2024-08-15,39.69,40.88,39.53,40.79,375900,,
2024-08-16,40.39,40.86,40.19,40.77,386500,,
2024-08-19,40.67,41.49,40.15,41.43,402300,,
2024-08-20,41.20,41.55,40.62,40.97,391100,,
2024-08-21,41.17,41.66,40.98,41.45,281300,,
2024-08-22,41.84,41.89,39.98,40.14,437600,,
2024-08-23,40.68,41.45,40.55,41.22,333900,,
2024-08-26,41.07,41.20,40.05,40.13,569300,,
2024-08-27,39.79,40.76,39.52,40.65,319200,,
2024-08-28,40.47,40.68,39.46,39.88,296400,,
2024-08-29,39.94,40.66,39.49,39.69,367100,,
2024-08-30,40.57,40.79,40.00,40.66,273200,,
2024-09-03,39.90,39.90,37.34,37.51,657600,,
2024-09-04,37.03,38.16,36.97,37.60,724300,,
2024-09-05,37.13,37.98,37.01,37.42,250400,,
2024-09-06,37.13,37.13,35.54,35.70,632500,,
2024-09-09,36.15,36.55,35.83,36.48,503100,,
2024-09-10,36.59,36.93,35.96,36.88,417100,,
2024-09-11,37.21,38.76,36.38,38.69,698400,,
2024-09-12,38.55,38.99,38.04,38.64,673900,,
2024-09-13,38.87,39.35,38.87,39.30,327500,,
2024-09-16,38.75,38.94,38.24,38.73,430100,,
2024-09-17,39.16,39.25,38.43,38.75,285100,,
2024-09-18,38.85,39.49,38.30,38.33,443500,,
2024-09-19,39.83,40.51,39.50,39.99,546000,,
2024-09-20,39.58,39.70,38.87,39.48,372600,,
2024-09-23,39.53,39.69,39.25,39.53,314200,0.068,
2024-09-24,39.94,40.30,39.43,40.14,350200,,
2024-09-25,40.00,40.70,40.00,40.42,312300,,
2024-09-26,42.08,42.19,40.80,41.77,563100,,
2024-09-27,41.91,41.91,40.88,41.08,386300,,
2024-09-30,40.44,40.96,40.17,40.73,373900,,
2024-10-01,40.75,40.86,39.26,39.55,366300,,
2024-10-02,39.58,40.57,39.41,40.17,235700,,
2024-10-03,39.94,40.88,39.94,40.40,273000,,
2024-10-04,41.27,41.27,40.47,40.99,179900,,
2024-10-07,40.77,41.30,40.65,40.91,206600,,
2024-10-08,40.97,41.60,40.74,41.46,490200,,
2024-10-09,41.50,41.95,41.16,41.87,352400,,
2024-10-10,41.40,41.91,41.14,41.67,303300,,
2024-10-11,41.45,42.14,41.42,42.00,199900,,
2024-10-14,42.27,42.88,42.27,42.79,341100,,
2024-10-15,42.66,42.85,40.25,40.49,808200,,
2024-10-16,40.99,41.00,40.36,40.59,753700,,
2024-10-17,41.75,41.79,40.98,40.98,588100,,
2024-10-18,41.33,41.36,40.89,40.98,477200,,
2024-10-21,40.90,41.13,40.51,41.10,318800,,
2024-10-22,40.77,41.01,40.57,40.85,465800,,
2024-10-23,40.73,40.88,39.88,40.39,645400,,
2024-10-24,40.84,40.84,40.30,40.60,364000,,
2024-10-25,41.02,41.63,41.02,41.03,298600,,
2024-10-28,41.06,41.29,40.85,41.01,196400,,
2024-10-29,41.08,42.19,40.84,42.03,540800,,
2024-10-30,40.95,41.17,40.58,40.62,677900,,
2024-10-31,40.13,40.13,38.69,39.00,577400,,
2024-11-01,39.40,39.81,39.20,39.36,398400,,
2024-11-04,39.32,39.79,39.12,39.15,286200,,
2024-11-05,39.27,39.84,39.27,39.83,173500,,
2024-11-06,40.65,41.21,40.34,41.09,416300,,
2024-11-07,41.61,42.05,41.58,42.04,435900,,
2024-11-08,41.75,42.01,41.45,41.66,394400,,
2024-11-11,41.31,41.31,40.15,40.56,713000,,
2024-11-12,40.49,40.59,39.73,40.27,684200,,
2024-11-13,40.01,40.07,39.38,39.45,534000,,
2024-11-14,39.81,39.97,39.33,39.43,278300,,
2024-11-15,38.72,38.87,37.94,38.05,486500,,
2024-11-18,38.08,38.56,37.84,38.45,329300,,
2024-11-19,38.39,38.80,38.29,38.78,318500,,
2024-11-20,38.62,38.67,37.92,38.50,304900,,
2024-11-21,38.94,39.30,38.18,39.12,334800,,
2024-11-22,38.96,39.18,38.78,39.07,329400,,
2024-11-25,39.49,39.63,39.06,39.27,219900,,
2024-11-26,39.48,39.67,38.54,38.77,436900,,
2024-11-27,38.56,38.60,37.58,38.24,418600,,
2024-11-29,38.50,39.20,38.50,38.79,182400,,
2024-12-02,39.01,40.06,39.01,39.84,503300,,
2024-12-03,39.67,39.86,39.50,39.66,272400,,
2024-12-04,40.46,40.55,40.02,40.33,408200,,
2024-12-05,40.30,40.33,39.54,39.62,184000,,
2024-12-06,39.60,39.97,39.56,39.89,189200,,
2024-12-09,39.59,40.09,39.39,39.54,237300,,
2024-12-10,39.61,39.66,38.34,38.56,316200,,
2024-12-11,39.23,39.84,38.93,39.62,387400,,
2024-12-12,39.30,39.46,39.00,39.26,196000,,
2024-12-13,40.49,40.88,40.00,40.61,407400,,
2024-12-16,40.80,41.63,40.52,41.48,612300,,
2024-12-17,41.00,41.08,40.50,40.71,609200,,
2024-12-18,41.05,41.37,38.92,39.22,565600,,
2024-12-19,39.36,39.41,38.49,38.55,750100,,
2024-12-20,38.35,39.68,38.25,39.17,261500,,
2024-12-23,39.41,40.32,39.41,40.27,173700,0.069,
2024-12-24,40.63,40.75,40.33,40.75,279900,,
2024-12-26,40.49,40.97,40.40,40.71,216300,,
2024-12-27,40.55,40.57,39.83,40.33,115100,,
2024-12-30,39.63,39.96,39.29,39.55,253500,,
2024-12-31,39.73,39.83,39.07,39.22,254900,,
2025-01-02,39.65,40.10,39.21,39.51,314900,,
2025-01-03,39.83,40.72,39.83,40.62,242500,,
2025-01-06,41.57,42.35,41.57,41.81,324500,,
2025-01-07,42.27,42.30,40.84,41.05,376300,,
2025-01-08,40.94,41.02,40.20,40.68,335200,,
2025-01-10,40.10,40.11,39.39,39.63,824000,,
2025-01-13,38.83,39.57,38.82,39.49,507000,,
2025-01-14,39.96,40.15,39.29,39.74,436100,,
2025-01-15,40.34,40.80,40.27,40.58,371600,,
2025-01-16,41.29,41.41,40.64,40.64,259700,,
2025-01-17,41.62,41.87,41.35,41.81,233400,,
2025-01-21,42.20,42.71,41.80,42.35,233100,,
2025-01-22,42.91,43.50,42.79,43.06,423100,,
2025-01-23,42.34,42.87,42.14,42.86,402500,,
2025-01-24,42.90,42.97,41.88,42.04,255600,,
2025-01-27,39.40,39.58,37.67,38.19,906600,,
2025-01-28,38.55,38.79,37.65,38.62,565200,,
2025-01-29,38.98,39.07,38.30,38.72,366700,,
2025-01-30,39.41,39.79,39.06,39.62,198000,,
2025-01-31,39.84,40.65,39.37,39.50,245700,,
2025-02-03,38.35,39.20,38.20,38.76,419600,,
2025-02-04,38.75,39.33,38.64,39.18,423900,,
2025-02-05,39.24,40.17,38.94,40.09,417000,,
2025-02-06,39.95,40.20,39.70,40.11,281500,,
2025-02-07,40.21,40.38,39.21,39.45,514300,,
2025-02-10,39.79,40.13,39.79,40.00,352500,,
2025-02-11,39.64,40.24,39.64,39.97,368100,,
2025-02-12,39.46,40.11,39.35,40.09,373100,,
2025-02-13,40.08,40.62,40.08,40.61,754000,,
2025-02-14,40.55,40.76,40.43,40.65,514400,,
2025-02-18,40.97,41.42,40.71,41.32,366200,,
2025-02-19,41.33,41.97,41.15,41.80,215000,,
2025-02-20,42.01,42.26,41.42,41.81,480500,,
2025-02-21,41.90,41.90,40.31,40.43,580500,,
2025-02-24,40.65,40.68,39.40,39.41,373300,,
2025-02-25,39.32,39.48,38.42,38.52,362100,,
2025-02-26,39.04,39.64,38.90,39.34,499700,,
2025-02-27,39.67,39.67,36.92,36.92,382900,,
2025-02-28,36.92,37.79,36.51,37.56,575100,,
2025-03-03,38.12,38.12,35.73,36.07,764200,,
2025-03-04,35.93,37.26,35.22,36.28,1124500,,
2025-03-05,36.68,37.16,35.98,37.05,693100,,
2025-03-06,35.77,36.45,35.28,35.40,836900,,
2025-03-07,35.70,36.59,35.18,36.49,406900,,
2025-03-10,35.58,35.86,34.24,34.72,1125600,,
2025-03-11,34.87,35.24,33.90,34.48,876100,,
2025-03-12,35.37,35.74,35.02,35.33,618000,,
2025-03-13,35.37,35.86,34.80,35.13,442600,,
2025-03-14,35.75,36.33,35.75,36.25,289600,,
2025-03-17,36.13,37.08,36.13,36.77,206800,,
2025-03-18,36.36,36.50,35.96,36.20,347500,,
2025-03-19,36.25,37.10,35.93,36.55,238800,,
2025-03-20,36.12,36.66,36.11,36.30,265200,,
2025-03-21,35.62,36.06,35.39,35.93,294000,,
2025-03-24,36.66,37.19,36.65,36.92,323600,0.069,
2025-03-25,36.92,36.93,36.60,36.71,390200,,
2025-03-26,36.50,36.59,35.18,35.51,316500,,
2025-03-27,35.10,35.25,34.59,34.78,625900,,
2025-03-28,34.58,34.72,33.55,33.74,470700,,
2025-03-31,32.98,33.67,32.53,33.65,542500,,
2025-04-01,33.51,33.76,32.91,33.73,560800,,
2025-04-02,33.13,34.44,33.12,34.00,379100,,
2025-04-03,32.20,32.45,30.63,30.65,1136000,,
2025-04-04,29.52,29.77,27.79,28.30,1340900,,
2025-04-07,27.24,30.64,26.71,29.08,1483500,,
2025-04-08,30.38,30.72,27.45,28.07,733200,,
2025-04-09,28.29,33.55,28.18,33.31,1245200,,
2025-04-10,31.73,31.83,29.58,30.67,1016600,,
2025-04-11,30.53,31.49,30.09,31.41,324200,,
2025-04-14,32.33,32.33,31.07,31.52,389400,,
2025-04-15,31.59,32.07,31.50,31.67,221400,,
2025-04-16,30.19,30.77,29.40,30.36,537900,,
2025-04-17,30.64,30.64,29.88,30.17,350000,,
2025-04-21,29.59,29.68,28.99,29.54,399600,,
2025-04-22,29.91,30.39,29.76,30.18,440600,,
2025-04-23,31.68,32.06,31.20,31.33,642900,,
2025-04-24,32.08,33.16,31.94,33.11,676400,,
2025-04-25,32.83,33.68,32.69,33.41,621600,,
2025-04-28,33.31,33.52,32.65,33.34,171700,,
2025-04-29,33.00,33.40,32.87,33.04,369100,,
2025-04-30,32.22,33.38,32.05,33.30,408900,,
2025-05-01,33.82,34.11,33.41,33.45,221300,,
2025-05-02,34.30,34.90,34.29,34.63,314500,,
2025-05-05,34.29,34.65,34.25,34.31,238300,,
2025-05-06,33.73,34.23,33.49,33.96,336600,,
2025-05-07,33.98,34.66,33.63,34.56,319200,,
2025-05-08,35.03,35.39,34.60,34.88,420000,,
2025-05-09,35.38,35.47,34.91,35.16,478900,,
2025-05-12,37.36,37.86,37.07,37.65,932900,,
2025-05-13,37.78,39.01,37.78,38.83,716600,,
2025-05-14,39.13,39.35,38.80,39.08,483800,,
2025-05-15,38.72,39.12,38.37,38.85,403300,,
2025-05-16,38.88,38.90,38.33,38.76,236600,,
2025-05-19,37.90,38.65,37.86,38.57,1167500,,
2025-05-20,38.29,38.53,38.14,38.51,455800,,
2025-05-21,38.20,38.97,37.60,37.82,874800,,
2025-05-22,37.84,38.17,37.60,37.61,521900,,
2025-05-23,36.72,37.26,36.63,37.06,717000,,
2025-05-27,37.85,38.44,37.58,38.29,484900,,
2025-05-28,38.34,38.52,38.04,38.11,395100,,
2025-05-29,39.09,39.09,38.08,38.29,380600,,
2025-05-30,38.10,38.10,36.82,37.47,478500,,
2025-06-02,37.42,38.20,37.42,38.07,343000,,
2025-06-03,38.13,39.16,37.95,39.11,474200,,
2025-06-04,39.41,39.79,39.09,39.70,508900,,
2025-06-05,39.96,40.30,39.26,39.51,617000,,
2025-06-06,39.82,40.20,39.68,39.70,280100,,
2025-06-09,40.02,40.87,39.97,40.48,649900,,
2025-06-10,40.67,41.40,40.57,41.32,461300,,
2025-06-11,41.58,41.79,40.87,41.20,702200,,
2025-06-12,41.00,41.54,41.00,41.38,393000,,
2025-06-13,40.51,40.95,40.20,40.32,1040600,,
2025-06-16,40.85,41.73,40.85,41.53,787800,,
2025-06-17,41.27,41.87,41.16,41.16,627900,,
2025-06-18,41.40,41.82,41.17,41.40,644700,,
2025-06-20,41.81,41.83,40.56,41.08,600000,,
2025-06-23,40.96,41.46,40.45,41.27,497100,0.074,
2025-06-24,41.99,42.85,41.97,42.82,513300,,
2025-06-25,43.05,43.26,42.88,43.24,370800,,
2025-06-26,43.60,43.71,43.27,43.63,194200,,
2025-06-27,43.70,44.00,43.20,43.65,634000,,
2025-06-30,43.88,43.88,43.45,43.66,403900,,
2025-07-01,43.34,43.63,42.73,43.35,910900,,
2025-07-02,43.24,44.31,43.24,44.16,543400,,
2025-07-03,44.33,44.62,44.30,44.47,245300,,
2025-07-07,44.03,44.22,43.46,43.62,417200,,
2025-07-08,43.98,44.71,43.87,44.42,409000,,
2025-07-09,44.50,45.05,44.23,44.60,580200,,
2025-07-10,45.01,45.07,44.52,44.95,311000,,
2025-07-11,44.65,45.03,44.55,44.85,246900,,
2025-07-14,44.56,44.65,43.84,44.46,456600,,
2025-07-15,45.34,45.62,44.98,45.02,511200,,
2025-07-16,44.69,44.86,43.77,44.83,1393700,,
2025-07-17,44.84,45.30,44.61,45.17,515600,,
2025-07-18,45.42,45.47,44.82,45.13,334200,,
2025-07-21,45.20,45.72,45.18,45.20,379200,,
2025-07-22,45.00,45.03,43.95,44.38,674200,,
2025-07-23,44.25,44.42,43.83,44.39,386300,,
2025-07-24,44.48,44.54,44.06,44.43,248500,,
2025-07-25,44.21,44.48,44.00,44.44,212500,,
2025-07-28,44.83,45.17,44.83,45.15,179400,,
2025-07-29,45.43,45.80,44.92,45.20,202000,,
2025-07-30,45.54,45.82,45.17,45.58,437600,,
2025-07-31,45.19,45.19,43.76,44.19,528500,,
2025-08-01,43.31,43.96,42.67,43.53,689600,,
2025-08-04,43.84,44.30,43.69,44.30,294500,,
2025-08-05,44.35,44.49,43.32,43.81,550700,,
2025-08-06,43.57,43.79,43.11,43.71,330900,,
2025-08-07,44.64,44.88,44.01,44.37,323400,,
2025-08-08,44.43,44.74,44.21,44.72,389400,,
2025-08-11,44.89,45.37,44.57,44.67,371300,,
2025-08-12,45.06,46.00,44.74,45.99,478800,,
2025-08-13,46.28,46.52,45.95,46.40,614700,,
2025-08-14,45.70,46.49,45.65,46.32,579800,,
2025-08-15,45.90,45.99,45.18,45.30,560200,,
2025-08-18,45.29,45.52,45.19,45.49,234300,,
2025-08-19,45.56,45.65,44.61,44.67,352900,,
2025-08-20,44.54,44.54,43.15,44.34,766200,,
2025-08-21,44.11,44.44,43.91,44.10,513600,,
2025-08-22,44.28,45.84,44.16,45.31,556900,,
2025-08-25,45.31,45.57,45.10,45.35,254100,,
2025-08-26,45.49,45.88,45.49,45.75,314500,,
2025-08-27,45.64,45.93,45.41,45.88,390000,,
2025-08-28,46.00,46.40,45.74,46.10,416000,,
2025-08-29,45.51,45.51,44.49,44.66,351200,,
2025-09-02,43.49,44.18,43.35,44.17,463200,,
2025-09-03,44.36,44.36,43.63,44.08,253500,,
2025-09-04,43.92,44.70,43.72,44.65,215900,,
2025-09-05,45.54,45.66,44.82,45.40,485200,,
2025-09-08,45.61,45.98,45.59,45.78,191200,,
2025-09-09,45.90,45.91,45.51,45.87,190600,,
2025-09-10,46.73,47.10,46.60,46.95,332300,,
2025-09-11,47.15,47.53,47.15,47.23,275700,,
2025-09-12,47.33,47.45,47.08,47.29,237800,,
2025-09-15,47.23,47.77,47.14,47.77,617100,,
2025-09-16,48.01,48.05,47.56,47.89,445000,,
2025-09-17,47.81,48.16,47.14,47.75,535300,,
2025-09-18,49.00,49.75,48.87,49.46,650100,,
2025-09-19,49.41,49.41,48.74,49.08,438600,,
2025-09-22,49.13,49.96,49.13,49.81,270400,0.074,
2025-09-23,49.88,50.17,49.37,49.67,287900,,
2025-09-24,49.58,49.70,48.95,49.58,326300,,
2025-09-25,48.72,49.58,48.23,49.47,341900,,
2025-09-26,49.62,49.70,49.03,49.63,333400,,
2025-09-29,50.13,50.44,49.70,49.72,207600,,
2025-09-30,49.72,50.17,49.51,50.12,301100,,
2025-10-01,49.74,51.21,49.74,51.17,275600,,
2025-10-02,52.19,52.30,51.75,52.17,425800,,
2025-10-03,52.40,52.62,51.56,51.83,326700,,
2025-10-06,53.93,54.16,53.31,53.32,325600,,
2025-10-07,53.75,53.87,52.11,52.22,590200,,
2025-10-08,52.24,54.04,52.17,53.99,462400,,
2025-10-09,53.97,54.04,53.35,53.85,421700,,
2025-10-10,54.01,54.10,50.41,50.43,1429600,,
2025-10-13,52.48,53.05,52.07,52.90,898300,,
2025-10-14,51.79,52.80,51.44,51.72,776100,,
2025-10-15,53.11,53.38,52.22,53.26,847300,,
2025-10-16,53.91,54.16,52.96,53.52,1231000,,
2025-10-17,53.03,53.64,52.52,53.35,736700,,
2025-10-20,53.87,54.59,53.87,54.17,424100,,
2025-10-21,54.13,54.13,53.46,53.82,220200,,
2025-10-22,53.39,53.67,51.54,52.58,664000,,
2025-10-23,52.28,54.01,52.28,53.88,427600,,
2025-10-24,54.90,55.24,54.79,54.90,304900,,
2025-10-27,55.96,56.47,55.79,56.39,542500,,
2025-10-28,56.40,56.85,56.19,56.63,560000,,
2025-10-29,57.67,58.19,57.11,57.69,684400,,
2025-10-30,57.34,57.88,56.79,56.80,577700,,
2025-10-31,57.51,57.79,56.46,56.91,397500,,
2025-11-03,57.64,57.91,57.06,57.23,335200,,
2025-11-04,55.80,56.56,54.90,54.96,486900,,
2025-11-05,55.11,57.29,55.11,56.60,454400,,
2025-11-06,56.75,56.88,54.90,55.25,796800,,
2025-11-07,54.32,54.70,52.67,54.64,803500,,
2025-11-10,56.29,56.50,55.63,56.34,565000,,
2025-11-11,55.80,55.85,54.84,54.95,769900,,
2025-11-12,55.96,56.15,55.38,55.75,624300,,
2025-11-13,55.06,55.16,53.15,53.71,3097200,,
2025-11-14,52.06,54.42,51.86,53.63,1395700,,
2025-11-17,53.16,54.21,52.22,52.79,1184800,,
2025-11-18,52.02,52.38,51.02,51.58,1572100,,
2025-11-19,51.80,53.14,51.61,52.52,558200,,
2025-11-20,54.11,54.20,49.84,50.04,1590900,,
2025-11-21,50.09,51.22,48.51,50.45,1101900,,
2025-11-24,51.08,53.02,51.00,52.77,556800,,
2025-11-25,52.03,53.02,50.84,52.88,519200,,
2025-11-26,53.43,54.78,53.43,54.39,596100,,
2025-11-28,54.61,55.33,54.40,55.31,196000,,
2025-12-01,54.52,55.75,54.51,55.31,252400,,
2025-12-02,55.91,56.80,55.60,56.28,479100,,
2025-12-03,56.58,57.35,55.91,57.32,535100,,
2025-12-04,57.09,57.25,56.56,56.86,561300,,
2025-12-05,57.50,58.09,57.37,57.44,342000,,
2025-12-08,57.99,58.34,57.53,58.11,676000,,
2025-12-09,57.77,58.19,57.50,58.08,387700,,
2025-12-10,58.01,59.01,57.78,58.81,720700,,
2025-12-11,58.21,58.46,56.79,58.43,721500,,
2025-12-12,57.56,57.77,55.17,55.44,2108200,,
2025-12-15,56.03,56.18,54.94,55.09,1262800,,
2025-12-16,54.93,55.32,54.27,54.80,1033400,,
2025-12-17,55.12,55.19,52.64,52.78,1883900,,
2025-12-18,54.78,54.91,53.81,54.07,535700,,
2025-12-19,54.51,55.89,54.51,55.66,525900,,
2025-12-22,56.75,56.75,56.02,56.23,442500,0.062,
2025-12-23,55.98,56.57,55.81,56.55,267800,,
2025-12-24,56.54,56.73,56.49,56.67,242500,,
2025-12-26,56.94,56.94,56.57,56.73,146600,,
2025-12-29,56.10,56.69,55.93,56.52,483200,,
2025-12-30,56.62,56.90,56.41,56.45,645000,,
2025-12-31,56.60,56.66,55.77,55.77,355300,,
2026-01-02,57.19,58.38,57.07,57.99,823300,,
2026-01-05,59.24,59.62,58.37,58.62,767300,,
2026-01-06,59.31,60.33,59.20,60.20,1002000,,
2026-01-07,59.67,59.81,59.15,59.63,739000,,
2026-01-08,59.50,59.50,58.05,58.52,518500,,
2026-01-09,58.99,60.42,58.77,60.13,771200,,
2026-01-12,59.50,60.62,59.50,60.41,740300,,
2026-01-13,60.88,61.60,60.79,60.98,587300,,
2026-01-14,60.69,60.69,59.81,60.61,473800,,
2026-01-15,62.65,62.90,61.65,61.68,593700,,
2026-01-16,62.73,63.03,62.09,62.41,663900,,
2026-01-20,61.27,62.41,61.11,61.34,580800,,
2026-01-21,62.19,63.88,61.93,63.29,977800,,
2026-01-22,64.49,64.51,63.22,63.40,420300,,
2026-01-23,62.94,63.21,62.23,62.63,432300,,
2026-01-26,62.47,62.82,62.00,62.38,815200,,
2026-01-27,63.27,64.19,63.02,63.90,559400,,
2026-01-28,65.11,65.60,64.76,65.39,533700,,
2026-01-29,65.54,66.00,63.12,65.50,1076400,,
2026-01-30,64.54,65.41,62.57,63.01,1468000,,
2026-02-02,62.38,64.66,62.30,64.05,983900,,
2026-02-03,64.62,64.86,61.36,62.72,1567000,,
2026-02-04,62.20,62.63,58.73,59.99,3529900,,
2026-02-05,59.07,60.85,58.83,59.95,2634300,,
2026-02-06,61.21,63.52,61.06,63.34,1755200,,
2026-02-09,62.88,64.61,62.55,64.24,1347600,,
2026-02-10,64.41,64.53,63.38,63.87,1842300,,
2026-02-11,65.11,65.70,63.76,65.27,735400,,
2026-02-12,65.76,66.10,63.60,63.66,1998200,,
2026-02-13,63.89,64.61,63.07,64.04,902500,,
2026-02-17,63.31,64.63,62.39,64.06,2114700,,
2026-02-18,64.54,65.36,64.08,64.64,398200,,
2026-02-19,64.08,64.42,63.58,64.34,545100,,
2026-02-20,63.91,65.41,63.90,65.02,585300,,
2026-02-23,64.70,65.31,63.97,64.69,616600,,
2026-02-24,65.45,66.05,64.83,65.61,424100,,
2026-02-25,66.44,66.89,66.33,66.68,532300,,
2026-02-26,66.44,66.44,63.48,64.56,1424300,,
2026-02-27,63.28,64.08,63.07,63.76,1489500,,
2026-03-02,62.42,64.13,62.32,64.09,1348500,,
2026-03-03,61.89,61.90,60.45,61.18,1339700,,
2026-03-04,62.00,62.70,61.50,62.29,1621500,,
2026-03-05,61.90,62.75,60.35,61.62,1099700,,
2026-03-06,60.08,61.29,58.83,59.21,1796800,,
2026-03-09,58.32,61.67,57.98,61.51,2059400,,
2026-03-10,61.64,63.15,61.64,61.97,1669000,,
2026-03-11,62.28,63.01,62.10,62.32,782700,,
2026-03-12,61.48,61.48,59.97,60.22,1305600,,
2026-03-13,60.92,61.60,60.00,60.23,902800,,
2026-03-16,61.54,62.21,61.15,61.41,1065100,,
2026-03-17,61.86,61.96,61.14,61.73,599500,,
2026-03-18,61.77,62.36,61.40,61.42,570300,,
2026-03-19,59.84,62.35,59.45,61.92,768500,,
2026-03-20,61.82,62.10,59.64,60.41,1909700,,
2026-03-23,61.69,62.61,60.86,61.15,1073100,0.071,
2026-03-24,60.63,62.33,60.63,61.98,493000,,
2026-03-25,62.60,63.18,62.16,62.72,1864800,,
2026-03-26,61.70,61.70,59.70,59.71,1155900,,
2026-03-27,59.26,59.91,58.46,58.71,480800,,
2026-03-30,59.24,59.42,55.78,56.22,829600,,
2026-03-31,57.21,59.76,57.19,59.70,1070800,,
2026-04-01,60.60,62.13,60.39,61.42,920800,,
2026-04-02,59.05,61.80,59.05,61.65,566900,,
2026-04-06,62.17,62.67,61.57,62.30,417900,,
2026-04-07,62.15,63.02,61.31,63.01,482500,,
2026-04-08,66.71,67.12,65.48,67.02,1583200,,
2026-04-09,67.15,68.48,67.15,68.41,663200,,
2026-04-10,69.16,70.53,69.07,69.99,857600,,
2026-04-13,69.62,71.19,69.54,71.14,742200,,
2026-04-14,72.06,72.61,71.17,72.60,750100,,
2026-04-15,72.50,72.76,71.10,72.69,679200,,
2026-04-16,72.55,73.66,72.00,73.42,1010600,,
2026-04-17,74.70,75.22,74.13,75.21,1559500,,
2026-04-20,75.55,75.73,74.48,75.54,783300,,
2026-04-21,76.16,76.50,75.29,75.93,1623000,,
2026-04-22,77.26,78.02,76.34,77.98,1265000,,
2026-04-23,78.42,80.31,78.09,79.34,1806700,,
2026-04-24,82.19,83.14,80.83,82.73,2560000,,
2026-04-27,82.88,83.03,80.66,81.92,2166400,,
2026-04-28,78.70,80.19,77.66,78.98,3233500,,
2026-04-29,80.02,80.87,79.59,80.83,1463400,,
2026-04-30,81.96,82.75,80.50,82.65,1616300,,
2026-05-01,82.13,83.60,81.69,83.35,1334200,,
2026-05-04,84.00,84.13,82.10,82.94,1526000,,
2026-05-05,84.64,87.05,84.35,86.41,1076500,,
2026-05-06,88.96,90.34,87.08,90.33,2362400,,
2026-05-07,89.65,89.77,87.16,87.89,2260200,,
2026-05-08,90.05,92.70,89.65,92.68,1286800,,
2026-05-11,93.51,95.30,93.08,95.07,2802400,,
2026-05-12,93.10,93.80,88.66,92.24,4024400,,
2026-05-13,94.40,95.28,92.39,94.59,1682600,,
2026-05-14,94.33,95.56,93.56,95.00,2363600,,
2026-05-15,91.72,92.98,90.69,91.18,2058600,,
2026-05-18,92.80,93.00,87.33,88.96,2994500,,
2026-05-19,87.00,90.65,85.76,89.03,3942800,,
2026-05-20,90.95,93.04,90.74,93.02,1501600,,
2026-05-21,92.62,94.46,92.40,94.17,1543300,,
2026-05-22,95.33,96.87,94.99,96.05,1339400,,
2026-05-26,99.17,101.80,98.82,101.33,2328300,,
2026-05-27,103.38,103.38,98.00,100.01,2919200,,
2026-05-28,100.09,102.03,98.62,101.00,1469700,,
2026-05-29,102.07,103.26,100.25,101.03,1479100,,
2026-06-01,100.27,103.00,99.40,102.03,1917200,,
2026-06-02,104.90,108.11,104.00,108.05,2358800,,
2026-06-03,110.27,110.54,106.67,109.58,3184300,,
2026-06-04,104.61,108.81,102.67,107.22,4800200,,
2026-06-05,103.00,103.30,96.24,96.29,6881000,,
2026-06-08,101.29,103.39,99.79,101.61,3477300,,
2026-06-09,104.02,104.45,92.85,99.62,6456700,,
2026-06-10,97.75,101.32,95.73,96.08,4486400,,
2026-06-11,98.11,103.83,98.11,103.70,5805000,,
2026-06-12,103.28,106.43,102.21,105.29,2725200,,
2026-06-15,110.00,111.28,109.13,110.95,2943500,,
2026-06-16,110.42,111.31,104.62,104.62,3381200,,
2026-06-17,108.03,109.97,106.05,106.13,4977700,,
2026-06-18,111.00,113.85,110.72,112.78,2109400,,
2026-06-22,115.00,115.33,113.22,115.11,2193600,0.077,
2026-06-23,107.10,109.07,105.23,106.11,4800400,,
2026-06-24,106.63,107.04,103.20,105.84,4363800,,
2026-06-25,111.95,111.95,105.25,109.80,4305400,,
2026-06-26,105.80,106.38,103.55,103.69,3981100,,
2026-06-29,104.55,108.04,100.57,107.82,1706900,,
2026-06-30,108.64,112.77,108.30,112.10,1303100,,
2026-07-01,107.88,108.97,104.84,105.11,3342200,,
2026-07-02,105.10,106.47,97.39,99.29,5083000,,
2026-07-06,102.08,104.25,101.45,101.53,1642100,,
2026-07-07,96.75,97.73,94.12,96.78,3166300,,
2026-07-08,95.60,99.26,95.60,98.95,2915400,,
2026-07-09,103.46,104.26,101.63,101.97,1550500,,
2026-07-10,100.50,102.81,99.67,102.06,1059400,,
2026-07-13,99.16,99.57,96.70,97.10,2139500,,
2026-07-14,101.62,101.72,98.24,99.65,3189800,,
2026-07-15,101.01,101.01,94.62,97.57,2343300,,
2026-07-16,94.86,95.91,92.62,93.40,2150800,,
2026-07-17,90.00,93.96,88.09,91.86,2442000,,
2026-07-20,93.86,95.03,92.20,92.42,3359200,,
2026-07-21,96.66,97.61,95.10,97.23,1540800,,
2026-07-22,95.06,98.57,95.00,97.66,1304800,,
2026-07-23,96.35,98.20,95.93,97.16,1761500,,
2026-07-24,95.97,96.41,92.18,93.04,1539200,,
2026-07-27,93.89,94.09,88.28,90.93,2667000,,
2026-07-28,87.46,88.04,85.00,86.82,4121600,,
2026-07-29,86.23,87.58,82.21,82.24,3753800,,
2026-07-30,86.88,89.76,86.22,88.92,2327900,,
2026-07-31,92.58,93.58,88.33,89.05,1972100,,
2026-08-03,87.12,90.47,85.97,89.98,2526900,,
2026-08-04,93.90,96.47,93.35,95.86,1911600,,
